{"providers":[{"file":"nova:font/bars/empty.png","type":"bitmap","chars":[""],"height":5,"ascent":-9},{"file":"nova:font/bars/overlay_6.png","type":"bitmap","chars":[""],"height":5,"ascent":-9},{"file":"nova:font/bars/overlay_10.png","type":"bitmap","chars":[""],"height":5,"ascent":-9},{"file":"nova:font/bars/overlay_12.png","type":"bitmap","chars":[""],"height":5,"ascent":-9},{"file":"nova:font/bars/overlay_20.png","type":"bitmap","chars":[""],"height":5,"ascent":-9},{"file":"nova:font/bars/progress/1.png","type":"bitmap","chars":["！"],"height":5,"ascent":-9},{"file":"nova:font/bars/progress/2.png","type":"bitmap","chars":["＂"],"height":5,"ascent":-9},{"file":"nova:font/bars/progress/3.png","type":"bitmap","chars":["＃"],"height":5,"ascent":-9},{"file":"nova:font/bars/progress/4.png","type":"bitmap","chars":["＄"],"height":5,"ascent":-9},{"file":"nova:font/bars/progress/5.png","type":"bitmap","chars":["％"],"height":5,"ascent":-9},{"file":"nova:font/bars/progress/6.png","type":"bitmap","chars":["＆"],"height":5,"ascent":-9},{"file":"nova:font/bars/progress/7.png","type":"bitmap","chars":["＇"],"height":5,"ascent":-9},{"file":"nova:font/bars/progress/8.png","type":"bitmap","chars":["（"],"height":5,"ascent":-9},{"file":"nova:font/bars/progress/9.png","type":"bitmap","chars":["）"],"height":5,"ascent":-9},{"file":"nova:font/bars/progress/10.png","type":"bitmap","chars":["＊"],"height":5,"ascent":-9},{"file":"nova:font/bars/progress/11.png","type":"bitmap","chars":["＋"],"height":5,"ascent":-9},{"file":"nova:font/bars/progress/12.png","type":"bitmap","chars":["，"],"height":5,"ascent":-9},{"file":"nova:font/bars/progress/13.png","type":"bitmap","chars":["－"],"height":5,"ascent":-9},{"file":"nova:font/bars/progress/14.png","type":"bitmap","chars":["．"],"height":5,"ascent":-9},{"file":"nova:font/bars/progress/15.png","type":"bitmap","chars":["／"],"height":5,"ascent":-9},{"file":"nova:font/bars/progress/16.png","type":"bitmap","chars":["０"],"height":5,"ascent":-9},{"file":"nova:font/bars/progress/17.png","type":"bitmap","chars":["１"],"height":5,"ascent":-9},{"file":"nova:font/bars/progress/18.png","type":"bitmap","chars":["２"],"height":5,"ascent":-9},{"file":"nova:font/bars/progress/19.png","type":"bitmap","chars":["３"],"height":5,"ascent":-9},{"file":"nova:font/bars/progress/20.png","type":"bitmap","chars":["４"],"height":5,"ascent":-9},{"file":"nova:font/bars/progress/21.png","type":"bitmap","chars":["５"],"height":5,"ascent":-9},{"file":"nova:font/bars/progress/22.png","type":"bitmap","chars":["６"],"height":5,"ascent":-9},{"file":"nova:font/bars/progress/23.png","type":"bitmap","chars":["７"],"height":5,"ascent":-9},{"file":"nova:font/bars/progress/24.png","type":"bitmap","chars":["８"],"height":5,"ascent":-9},{"file":"nova:font/bars/progress/25.png","type":"bitmap","chars":["９"],"height":5,"ascent":-9},{"file":"nova:font/bars/progress/26.png","type":"bitmap","chars":["："],"height":5,"ascent":-9},{"file":"nova:font/bars/progress/27.png","type":"bitmap","chars":["；"],"height":5,"ascent":-9},{"file":"nova:font/bars/progress/28.png","type":"bitmap","chars":["＜"],"height":5,"ascent":-9},{"file":"nova:font/bars/progress/29.png","type":"bitmap","chars":["＝"],"height":5,"ascent":-9},{"file":"nova:font/bars/progress/30.png","type":"bitmap","chars":["＞"],"height":5,"ascent":-9},{"file":"nova:font/bars/progress/31.png","type":"bitmap","chars":["？"],"height":5,"ascent":-9},{"file":"nova:font/bars/progress/32.png","type":"bitmap","chars":["＠"],"height":5,"ascent":-9},{"file":"nova:font/bars/progress/33.png","type":"bitmap","chars":["Ａ"],"height":5,"ascent":-9},{"file":"nova:font/bars/progress/34.png","type":"bitmap","chars":["Ｂ"],"height":5,"ascent":-9},{"file":"nova:font/bars/progress/35.png","type":"bitmap","chars":["Ｃ"],"height":5,"ascent":-9},{"file":"nova:font/bars/progress/36.png","type":"bitmap","chars":["Ｄ"],"height":5,"ascent":-9},{"file":"nova:font/bars/progress/37.png","type":"bitmap","chars":["Ｅ"],"height":5,"ascent":-9},{"file":"nova:font/bars/progress/38.png","type":"bitmap","chars":["Ｆ"],"height":5,"ascent":-9},{"file":"nova:font/bars/progress/39.png","type":"bitmap","chars":["Ｇ"],"height":5,"ascent":-9},{"file":"nova:font/bars/progress/40.png","type":"bitmap","chars":["Ｈ"],"height":5,"ascent":-9},{"file":"nova:font/bars/progress/41.png","type":"bitmap","chars":["Ｉ"],"height":5,"ascent":-9},{"file":"nova:font/bars/progress/42.png","type":"bitmap","chars":["Ｊ"],"height":5,"ascent":-9},{"file":"nova:font/bars/progress/43.png","type":"bitmap","chars":["Ｋ"],"height":5,"ascent":-9},{"file":"nova:font/bars/progress/44.png","type":"bitmap","chars":["Ｌ"],"height":5,"ascent":-9},{"file":"nova:font/bars/progress/45.png","type":"bitmap","chars":["Ｍ"],"height":5,"ascent":-9},{"file":"nova:font/bars/progress/46.png","type":"bitmap","chars":["Ｎ"],"height":5,"ascent":-9},{"file":"nova:font/bars/progress/47.png","type":"bitmap","chars":["Ｏ"],"height":5,"ascent":-9},{"file":"nova:font/bars/progress/48.png","type":"bitmap","chars":["Ｐ"],"height":5,"ascent":-9},{"file":"nova:font/bars/progress/49.png","type":"bitmap","chars":["Ｑ"],"height":5,"ascent":-9},{"file":"nova:font/bars/progress/50.png","type":"bitmap","chars":["Ｒ"],"height":5,"ascent":-9},{"file":"nova:font/bars/progress/51.png","type":"bitmap","chars":["Ｓ"],"height":5,"ascent":-9},{"file":"nova:font/bars/progress/52.png","type":"bitmap","chars":["Ｔ"],"height":5,"ascent":-9},{"file":"nova:font/bars/progress/53.png","type":"bitmap","chars":["Ｕ"],"height":5,"ascent":-9},{"file":"nova:font/bars/progress/54.png","type":"bitmap","chars":["Ｖ"],"height":5,"ascent":-9},{"file":"nova:font/bars/progress/55.png","type":"bitmap","chars":["Ｗ"],"height":5,"ascent":-9},{"file":"nova:font/bars/progress/56.png","type":"bitmap","chars":["Ｘ"],"height":5,"ascent":-9},{"file":"nova:font/bars/progress/57.png","type":"bitmap","chars":["Ｙ"],"height":5,"ascent":-9},{"file":"nova:font/bars/progress/58.png","type":"bitmap","chars":["Ｚ"],"height":5,"ascent":-9},{"file":"nova:font/bars/progress/59.png","type":"bitmap","chars":["［"],"height":5,"ascent":-9},{"file":"nova:font/bars/progress/60.png","type":"bitmap","chars":["＼"],"height":5,"ascent":-9},{"file":"nova:font/bars/progress/61.png","type":"bitmap","chars":["］"],"height":5,"ascent":-9},{"file":"nova:font/bars/progress/62.png","type":"bitmap","chars":["＾"],"height":5,"ascent":-9},{"file":"nova:font/bars/progress/63.png","type":"bitmap","chars":["＿"],"height":5,"ascent":-9},{"file":"nova:font/bars/progress/64.png","type":"bitmap","chars":["｀"],"height":5,"ascent":-9},{"file":"nova:font/bars/progress/65.png","type":"bitmap","chars":["ａ"],"height":5,"ascent":-9},{"file":"nova:font/bars/progress/66.png","type":"bitmap","chars":["ｂ"],"height":5,"ascent":-9},{"file":"nova:font/bars/progress/67.png","type":"bitmap","chars":["ｃ"],"height":5,"ascent":-9},{"file":"nova:font/bars/progress/68.png","type":"bitmap","chars":["ｄ"],"height":5,"ascent":-9},{"file":"nova:font/bars/progress/69.png","type":"bitmap","chars":["ｅ"],"height":5,"ascent":-9},{"file":"nova:font/bars/progress/70.png","type":"bitmap","chars":["ｆ"],"height":5,"ascent":-9},{"file":"nova:font/bars/progress/71.png","type":"bitmap","chars":["ｇ"],"height":5,"ascent":-9},{"file":"nova:font/bars/progress/72.png","type":"bitmap","chars":["ｈ"],"height":5,"ascent":-9},{"file":"nova:font/bars/progress/73.png","type":"bitmap","chars":["ｉ"],"height":5,"ascent":-9},{"file":"nova:font/bars/progress/74.png","type":"bitmap","chars":["ｊ"],"height":5,"ascent":-9},{"file":"nova:font/bars/progress/75.png","type":"bitmap","chars":["ｋ"],"height":5,"ascent":-9},{"file":"nova:font/bars/progress/76.png","type":"bitmap","chars":["ｌ"],"height":5,"ascent":-9},{"file":"nova:font/bars/progress/77.png","type":"bitmap","chars":["ｍ"],"height":5,"ascent":-9},{"file":"nova:font/bars/progress/78.png","type":"bitmap","chars":["ｎ"],"height":5,"ascent":-9},{"file":"nova:font/bars/progress/79.png","type":"bitmap","chars":["ｏ"],"height":5,"ascent":-9},{"file":"nova:font/bars/progress/80.png","type":"bitmap","chars":["ｐ"],"height":5,"ascent":-9},{"file":"nova:font/bars/progress/81.png","type":"bitmap","chars":["ｑ"],"height":5,"ascent":-9},{"file":"nova:font/bars/progress/82.png","type":"bitmap","chars":["ｒ"],"height":5,"ascent":-9},{"file":"nova:font/bars/progress/83.png","type":"bitmap","chars":["ｓ"],"height":5,"ascent":-9},{"file":"nova:font/bars/progress/84.png","type":"bitmap","chars":["ｔ"],"height":5,"ascent":-9},{"file":"nova:font/bars/progress/85.png","type":"bitmap","chars":["ｕ"],"height":5,"ascent":-9},{"file":"nova:font/bars/progress/86.png","type":"bitmap","chars":["ｖ"],"height":5,"ascent":-9},{"file":"nova:font/bars/progress/87.png","type":"bitmap","chars":["ｗ"],"height":5,"ascent":-9},{"file":"nova:font/bars/progress/88.png","type":"bitmap","chars":["ｘ"],"height":5,"ascent":-9},{"file":"nova:font/bars/progress/89.png","type":"bitmap","chars":["ｙ"],"height":5,"ascent":-9},{"file":"nova:font/bars/progress/90.png","type":"bitmap","chars":["ｚ"],"height":5,"ascent":-9},{"file":"nova:font/bars/progress/91.png","type":"bitmap","chars":["｛"],"height":5,"ascent":-9},{"file":"nova:font/bars/progress/92.png","type":"bitmap","chars":["｜"],"height":5,"ascent":-9},{"file":"nova:font/bars/progress/93.png","type":"bitmap","chars":["｝"],"height":5,"ascent":-9},{"file":"nova:font/bars/progress/94.png","type":"bitmap","chars":["～"],"height":5,"ascent":-9},{"file":"nova:font/bars/progress/95.png","type":"bitmap","chars":["｟"],"height":5,"ascent":-9},{"file":"nova:font/bars/progress/96.png","type":"bitmap","chars":["｠"],"height":5,"ascent":-9},{"file":"nova:font/bars/progress/97.png","type":"bitmap","chars":["｡"],"height":5,"ascent":-9},{"file":"nova:font/bars/progress/98.png","type":"bitmap","chars":["｢"],"height":5,"ascent":-9},{"file":"nova:font/bars/progress/99.png","type":"bitmap","chars":["｣"],"height":5,"ascent":-9},{"file":"nova:font/bars/progress/100.png","type":"bitmap","chars":["､"],"height":5,"ascent":-9},{"file":"nova:font/bars/progress/101.png","type":"bitmap","chars":["･"],"height":5,"ascent":-9},{"file":"nova:font/bars/progress/102.png","type":"bitmap","chars":["ｦ"],"height":5,"ascent":-9},{"file":"nova:font/bars/progress/103.png","type":"bitmap","chars":["ｧ"],"height":5,"ascent":-9},{"file":"nova:font/bars/progress/104.png","type":"bitmap","chars":["ｨ"],"height":5,"ascent":-9},{"file":"nova:font/bars/progress/105.png","type":"bitmap","chars":["ｩ"],"height":5,"ascent":-9},{"file":"nova:font/bars/progress/106.png","type":"bitmap","chars":["ｪ"],"height":5,"ascent":-9},{"file":"nova:font/bars/progress/107.png","type":"bitmap","chars":["ｫ"],"height":5,"ascent":-9},{"file":"nova:font/bars/progress/108.png","type":"bitmap","chars":["ｬ"],"height":5,"ascent":-9},{"file":"nova:font/bars/progress/109.png","type":"bitmap","chars":["ｭ"],"height":5,"ascent":-9},{"file":"nova:font/bars/progress/110.png","type":"bitmap","chars":["ｮ"],"height":5,"ascent":-9},{"file":"nova:font/bars/progress/111.png","type":"bitmap","chars":["ｯ"],"height":5,"ascent":-9},{"file":"nova:font/bars/progress/112.png","type":"bitmap","chars":["ｰ"],"height":5,"ascent":-9},{"file":"nova:font/bars/progress/113.png","type":"bitmap","chars":["ｱ"],"height":5,"ascent":-9},{"file":"nova:font/bars/progress/114.png","type":"bitmap","chars":["ｲ"],"height":5,"ascent":-9},{"file":"nova:font/bars/progress/115.png","type":"bitmap","chars":["ｳ"],"height":5,"ascent":-9},{"file":"nova:font/bars/progress/116.png","type":"bitmap","chars":["ｴ"],"height":5,"ascent":-9},{"file":"nova:font/bars/progress/117.png","type":"bitmap","chars":["ｵ"],"height":5,"ascent":-9},{"file":"nova:font/bars/progress/118.png","type":"bitmap","chars":["ｶ"],"height":5,"ascent":-9},{"file":"nova:font/bars/progress/119.png","type":"bitmap","chars":["ｷ"],"height":5,"ascent":-9},{"file":"nova:font/bars/progress/120.png","type":"bitmap","chars":["ｸ"],"height":5,"ascent":-9},{"file":"nova:font/bars/progress/121.png","type":"bitmap","chars":["ｹ"],"height":5,"ascent":-9},{"file":"nova:font/bars/progress/122.png","type":"bitmap","chars":["ｺ"],"height":5,"ascent":-9},{"file":"nova:font/bars/progress/123.png","type":"bitmap","chars":["ｻ"],"height":5,"ascent":-9},{"file":"nova:font/bars/progress/124.png","type":"bitmap","chars":["ｼ"],"height":5,"ascent":-9},{"file":"nova:font/bars/progress/125.png","type":"bitmap","chars":["ｽ"],"height":5,"ascent":-9},{"file":"nova:font/bars/progress/126.png","type":"bitmap","chars":["ｾ"],"height":5,"ascent":-9},{"file":"nova:font/bars/progress/127.png","type":"bitmap","chars":["ｿ"],"height":5,"ascent":-9},{"file":"nova:font/bars/progress/128.png","type":"bitmap","chars":["ﾀ"],"height":5,"ascent":-9},{"file":"nova:font/bars/progress/129.png","type":"bitmap","chars":["ﾁ"],"height":5,"ascent":-9},{"file":"nova:font/bars/progress/130.png","type":"bitmap","chars":["ﾂ"],"height":5,"ascent":-9},{"file":"nova:font/bars/progress/131.png","type":"bitmap","chars":["ﾃ"],"height":5,"ascent":-9},{"file":"nova:font/bars/progress/132.png","type":"bitmap","chars":["ﾄ"],"height":5,"ascent":-9},{"file":"nova:font/bars/progress/133.png","type":"bitmap","chars":["ﾅ"],"height":5,"ascent":-9},{"file":"nova:font/bars/progress/134.png","type":"bitmap","chars":["ﾆ"],"height":5,"ascent":-9},{"file":"nova:font/bars/progress/135.png","type":"bitmap","chars":["ﾇ"],"height":5,"ascent":-9},{"file":"nova:font/bars/progress/136.png","type":"bitmap","chars":["ﾈ"],"height":5,"ascent":-9},{"file":"nova:font/bars/progress/137.png","type":"bitmap","chars":["ﾉ"],"height":5,"ascent":-9},{"file":"nova:font/bars/progress/138.png","type":"bitmap","chars":["ﾊ"],"height":5,"ascent":-9},{"file":"nova:font/bars/progress/139.png","type":"bitmap","chars":["ﾋ"],"height":5,"ascent":-9},{"file":"nova:font/bars/progress/140.png","type":"bitmap","chars":["ﾌ"],"height":5,"ascent":-9},{"file":"nova:font/bars/progress/141.png","type":"bitmap","chars":["ﾍ"],"height":5,"ascent":-9},{"file":"nova:font/bars/progress/142.png","type":"bitmap","chars":["ﾎ"],"height":5,"ascent":-9},{"file":"nova:font/bars/progress/143.png","type":"bitmap","chars":["ﾏ"],"height":5,"ascent":-9},{"file":"nova:font/bars/progress/144.png","type":"bitmap","chars":["ﾐ"],"height":5,"ascent":-9},{"file":"nova:font/bars/progress/145.png","type":"bitmap","chars":["ﾑ"],"height":5,"ascent":-9},{"file":"nova:font/bars/progress/146.png","type":"bitmap","chars":["ﾒ"],"height":5,"ascent":-9},{"file":"nova:font/bars/progress/147.png","type":"bitmap","chars":["ﾓ"],"height":5,"ascent":-9},{"file":"nova:font/bars/progress/148.png","type":"bitmap","chars":["ﾔ"],"height":5,"ascent":-9},{"file":"nova:font/bars/progress/149.png","type":"bitmap","chars":["ﾕ"],"height":5,"ascent":-9},{"file":"nova:font/bars/progress/150.png","type":"bitmap","chars":["ﾖ"],"height":5,"ascent":-9},{"file":"nova:font/bars/progress/151.png","type":"bitmap","chars":["ﾗ"],"height":5,"ascent":-9},{"file":"nova:font/bars/progress/152.png","type":"bitmap","chars":["ﾘ"],"height":5,"ascent":-9},{"file":"nova:font/bars/progress/153.png","type":"bitmap","chars":["ﾙ"],"height":5,"ascent":-9},{"file":"nova:font/bars/progress/154.png","type":"bitmap","chars":["ﾚ"],"height":5,"ascent":-9},{"file":"nova:font/bars/progress/155.png","type":"bitmap","chars":["ﾛ"],"height":5,"ascent":-9},{"file":"nova:font/bars/progress/156.png","type":"bitmap","chars":["ﾜ"],"height":5,"ascent":-9},{"file":"nova:font/bars/progress/157.png","type":"bitmap","chars":["ﾝ"],"height":5,"ascent":-9},{"file":"nova:font/bars/progress/158.png","type":"bitmap","chars":["ﾞ"],"height":5,"ascent":-9},{"file":"nova:font/bars/progress/159.png","type":"bitmap","chars":["ﾟ"],"height":5,"ascent":-9},{"file":"nova:font/bars/progress/160.png","type":"bitmap","chars":["ﾠ"],"height":5,"ascent":-9},{"file":"nova:font/bars/progress/161.png","type":"bitmap","chars":["ﾡ"],"height":5,"ascent":-9},{"file":"nova:font/bars/progress/162.png","type":"bitmap","chars":["ﾢ"],"height":5,"ascent":-9},{"file":"nova:font/bars/progress/163.png","type":"bitmap","chars":["ﾣ"],"height":5,"ascent":-9},{"file":"nova:font/bars/progress/164.png","type":"bitmap","chars":["ﾤ"],"height":5,"ascent":-9},{"file":"nova:font/bars/progress/165.png","type":"bitmap","chars":["ﾥ"],"height":5,"ascent":-9},{"file":"nova:font/bars/progress/166.png","type":"bitmap","chars":["ﾦ"],"height":5,"ascent":-9},{"file":"nova:font/bars/progress/167.png","type":"bitmap","chars":["ﾧ"],"height":5,"ascent":-9},{"file":"nova:font/bars/progress/168.png","type":"bitmap","chars":["ﾨ"],"height":5,"ascent":-9},{"file":"nova:font/bars/progress/169.png","type":"bitmap","chars":["ﾩ"],"height":5,"ascent":-9},{"file":"nova:font/bars/progress/170.png","type":"bitmap","chars":["ﾪ"],"height":5,"ascent":-9},{"file":"nova:font/bars/progress/171.png","type":"bitmap","chars":["ﾫ"],"height":5,"ascent":-9},{"file":"nova:font/bars/progress/172.png","type":"bitmap","chars":["ﾬ"],"height":5,"ascent":-9},{"file":"nova:font/bars/progress/173.png","type":"bitmap","chars":["ﾭ"],"height":5,"ascent":-9},{"file":"nova:font/bars/progress/174.png","type":"bitmap","chars":["ﾮ"],"height":5,"ascent":-9},{"file":"nova:font/bars/progress/175.png","type":"bitmap","chars":["ﾯ"],"height":5,"ascent":-9},{"file":"nova:font/bars/progress/176.png","type":"bitmap","chars":["ﾰ"],"height":5,"ascent":-9},{"file":"nova:font/bars/progress/177.png","type":"bitmap","chars":["ﾱ"],"height":5,"ascent":-9},{"file":"nova:font/bars/progress/178.png","type":"bitmap","chars":["ﾲ"],"height":5,"ascent":-9},{"file":"nova:font/bars/progress/179.png","type":"bitmap","chars":["ﾳ"],"height":5,"ascent":-9},{"file":"nova:font/bars/progress/180.png","type":"bitmap","chars":["ﾴ"],"height":5,"ascent":-9},{"file":"nova:font/bars/progress/181.png","type":"bitmap","chars":["ﾵ"],"height":5,"ascent":-9},{"file":"nova:font/bars/progress/182.png","type":"bitmap","chars":["ﾶ"],"height":5,"ascent":-9}]}