{"block.stone.break":{"sounds":["dig/stone1","dig/stone2","dig/stone3","dig/stone4"],"subtitle":"subtitles.block.generic.break"},"block.stone.hit":{"sounds":["step/stone1","step/stone2","step/stone3","step/stone4","step/stone5","step/stone6"],"subtitle":"subtitles.block.generic.hit"},"block.stone.step":{"sounds":["step/stone1","step/stone2","step/stone3","step/stone4","step/stone5","step/stone6"],"subtitle":"subtitles.block.generic.footsteps"},"block.stone.fall":{"sounds":["step/stone1","step/stone2","step/stone3","step/stone4","step/stone5","step/stone6"]}}