{
  "providers": [
    {
      "file": "nova:font/waila/2/start.png",
      "chars": ["\uf000"],
      "height": 40,
      "ascent": 0,
      "type": "bitmap"
    },
    {
      "file": "nova:font/waila/2/part.png",
      "chars": ["\uf001"],
      "height": 40,
      "ascent": 0,
      "type": "bitmap"
    },
    {
      "file": "nova:font/waila/2/end.png",
      "chars": ["\uf002"],
      "height": 40,
      "ascent": 0,
      "type": "bitmap"
    },
    {
      "file": "nova:font/waila/3/start.png",
      "chars": ["\uf003"],
      "height": 44,
      "ascent": 0,
      "type": "bitmap"
    },
    {
      "file": "nova:font/waila/3/part.png",
      "chars": ["\uf004"],
      "height": 44,
      "ascent": 0,
      "type": "bitmap"
    },
    {
      "file": "nova:font/waila/3/end.png",
      "chars": ["\uf005"],
      "height": 44,
      "ascent": 0,
      "type": "bitmap"
    },
    {
      "file": "nova:font/waila/4/start.png",
      "chars": ["\uf006"],
      "height": 56,
      "ascent": 0,
      "type": "bitmap"
    },
    {
      "file": "nova:font/waila/4/part.png",
      "chars": ["\uf007"],
      "height": 56,
      "ascent": 0,
      "type": "bitmap"
    },
    {
      "file": "nova:font/waila/4/end.png",
      "chars": ["\uf008"],
      "height": 56,
      "ascent": 0,
      "type": "bitmap"
    },
    {
      "file": "nova:font/waila/5/start.png",
      "chars": ["\uf009"],
      "height": 68,
      "ascent": 0,
      "type": "bitmap"
    },
    {
      "file": "nova:font/waila/5/part.png",
      "chars": ["\uf00a"],
      "height": 68,
      "ascent": 0,
      "type": "bitmap"
    },
    {
      "file": "nova:font/waila/5/end.png",
      "chars": ["\uf00b"],
      "height": 68,
      "ascent": 0,
      "type": "bitmap"
    },
    {
      "file": "nova:font/waila/6/start.png",
      "chars": ["\uf00c"],
      "height": 80,
      "ascent": 0,
      "type": "bitmap"
    },
    {
      "file": "nova:font/waila/6/part.png",
      "chars": ["\uf00d"],
      "height": 80,
      "ascent": 0,
      "type": "bitmap"
    },
    {
      "file": "nova:font/waila/6/end.png",
      "chars": ["\uf00e"],
      "height": 80,
      "ascent": 0,
      "type": "bitmap"
    },
    {
      "file": "nova:font/waila/7/start.png",
      "chars": ["\uf00f"],
      "height": 92,
      "ascent": 0,
      "type": "bitmap"
    },
    {
      "file": "nova:font/waila/7/part.png",
      "chars": ["\uf010"],
      "height": 92,
      "ascent": 0,
      "type": "bitmap"
    },
    {
      "file": "nova:font/waila/7/end.png",
      "chars": ["\uf011"],
      "height": 92,
      "ascent": 0,
      "type": "bitmap"
    },
    {
      "file": "nova:font/waila/8/start.png",
      "chars": ["\uf012"],
      "height": 104,
      "ascent": 0,
      "type": "bitmap"
    },
    {
      "file": "nova:font/waila/8/part.png",
      "chars": ["\uf013"],
      "height": 104,
      "ascent": 0,
      "type": "bitmap"
    },
    {
      "file": "nova:font/waila/8/end.png",
      "chars": ["\uf014"],
      "height": 104,
      "ascent": 0,
      "type": "bitmap"
    },
    {
      "file": "nova:font/waila/9/start.png",
      "chars": ["\uf015"],
      "height": 116,
      "ascent": 0,
      "type": "bitmap"
    },
    {
      "file": "nova:font/waila/9/part.png",
      "chars": ["\uf016"],
      "height": 116,
      "ascent": 0,
      "type": "bitmap"
    },
    {
      "file": "nova:font/waila/9/end.png",
      "chars": ["\uf017"],
      "height": 116,
      "ascent": 0,
      "type": "bitmap"
    },
    {
      "file": "nova:font/waila/10/start.png",
      "chars": ["\uf018"],
      "height": 128,
      "ascent": 0,
      "type": "bitmap"
    },
    {
      "file": "nova:font/waila/10/part.png",
      "chars": ["\uf019"],
      "height": 128,
      "ascent": 0,
      "type": "bitmap"
    },
    {
      "file": "nova:font/waila/10/end.png",
      "chars": ["\uf019"],
      "height": 128,
      "ascent": 0,
      "type": "bitmap"
    }
  ]
}